{
  "factors": [
    0.5,
    0.6,
    0.7,
    0.8,
    0.9,
    1.0,
    1.1,
    1.2,
    1.3,
    1.4,
    1.5
  ],
  "questions": [
    "yaw_rate_turn_direction",
    "braking_intensity",
    "speed_regime",
    "driving_smoothness",
    "speed_trend",
    "mean_speed_low",
    "significant_heading_change",
    "extreme_maneuver",
    "dominant_motion_axis",
    "high_lateral_accel",
    "brake_then_turn",
    "speed_peak_half",
    "stop_and_go",
    "contrastive_sequence"
  ],
  "per_question": {
    "yaw_rate_turn_direction": {
      "label_flip_rates": {
        "0.5": 0.074,
        "0.6": 0.067,
        "0.7": 0.045,
        "0.8": 0.029,
        "0.9": 0.017,
        "1.0": 0.0,
        "1.1": 0.008,
        "1.2": 0.018,
        "1.3": 0.027,
        "1.4": 0.037,
        "1.5": 0.041
      },
      "global_rank_tau": {
        "0.5": 0.9846938775510204,
        "0.6": 0.9863945578231292,
        "0.7": 0.9880952380952381,
        "0.8": 0.9931972789115646,
        "0.9": 0.9948979591836735,
        "1.0": 1.0,
        "1.1": 0.9982993197278912,
        "1.2": 0.9931972789115646,
        "1.3": 0.9914965986394558,
        "1.4": 0.9880952380952381,
        "1.5": 0.9880952380952381
      },
      "per_factor_mean_bacc": {
        "0.5": 0.4952122448979591,
        "0.6": 0.4957673469387755,
        "0.7": 0.49684897959183677,
        "0.8": 0.49662040816326536,
        "0.9": 0.49849183673469394,
        "1.0": 0.5000408163265306,
        "1.1": 0.5005285714285714,
        "1.2": 0.5015510204081632,
        "1.3": 0.5008367346938776,
        "1.4": 0.5016510204081632,
        "1.5": 0.5017040816326531
      }
    },
    "braking_intensity": {
      "label_flip_rates": {
        "0.5": 0.238,
        "0.6": 0.204,
        "0.7": 0.148,
        "0.8": 0.103,
        "0.9": 0.071,
        "1.0": 0.0,
        "1.1": 0.036,
        "1.2": 0.066,
        "1.3": 0.079,
        "1.4": 0.102,
        "1.5": 0.131
      },
      "global_rank_tau": {
        "0.5": 0.9863945578231292,
        "0.6": 0.9897959183673469,
        "0.7": 0.9897959183673469,
        "0.8": 0.9914965986394558,
        "0.9": 0.9965986394557823,
        "1.0": 1.0,
        "1.1": 1.0,
        "1.2": 1.0,
        "1.3": 1.0,
        "1.4": 0.9948979591836735,
        "1.5": 0.9948979591836735
      },
      "per_factor_mean_bacc": {
        "0.5": 0.26605918367346937,
        "0.6": 0.2661979591836735,
        "0.7": 0.27080816326530616,
        "0.8": 0.27603877551020406,
        "0.9": 0.2794204081632653,
        "1.0": 0.286904081632653,
        "1.1": 0.28790816326530616,
        "1.2": 0.28990816326530616,
        "1.3": 0.2916163265306122,
        "1.4": 0.2909469387755102,
        "1.5": 0.2918265306122449
      }
    },
    "speed_regime": {
      "label_flip_rates": {
        "0.5": 0.476,
        "0.6": 0.331,
        "0.7": 0.203,
        "0.8": 0.106,
        "0.9": 0.065,
        "1.0": 0.0,
        "1.1": 0.066,
        "1.2": 0.119,
        "1.3": 0.172,
        "1.4": 0.197,
        "1.5": 0.229
      },
      "global_rank_tau": {
        "0.5": 0.9268707482993197,
        "0.6": 0.9540816326530612,
        "0.7": 0.9710884353741497,
        "0.8": 0.9778911564625851,
        "0.9": 0.9829931972789115,
        "1.0": 1.0,
        "1.1": 0.9897959183673469,
        "1.2": 0.9795918367346939,
        "1.3": 0.9744897959183674,
        "1.4": 0.9727891156462585,
        "1.5": 0.9574829931972789
      },
      "per_factor_mean_bacc": {
        "0.5": 0.3636571428571429,
        "0.6": 0.36583877551020405,
        "0.7": 0.37522244897959184,
        "0.8": 0.38240816326530613,
        "0.9": 0.38083061224489795,
        "1.0": 0.3833897959183673,
        "1.1": 0.38656326530612245,
        "1.2": 0.3897122448979592,
        "1.3": 0.39833673469387754,
        "1.4": 0.402269387755102,
        "1.5": 0.4055571428571429
      }
    },
    "driving_smoothness": {
      "label_flip_rates": {
        "0.5": 0.341,
        "0.6": 0.326,
        "0.7": 0.272,
        "0.8": 0.178,
        "0.9": 0.087,
        "1.0": 0.0,
        "1.1": 0.077,
        "1.2": 0.144,
        "1.3": 0.204,
        "1.4": 0.285,
        "1.5": 0.355
      },
      "global_rank_tau": {
        "0.5": 0.9608843537414966,
        "0.6": 0.9710884353741497,
        "0.7": 0.9778911564625851,
        "0.8": 0.9914965986394558,
        "0.9": 0.9965986394557823,
        "1.0": 1.0,
        "1.1": 0.9948979591836735,
        "1.2": 0.9965986394557823,
        "1.3": 0.9914965986394558,
        "1.4": 0.9829931972789115,
        "1.5": 0.9795918367346939
      },
      "per_factor_mean_bacc": {
        "0.5": 0.3954204081632653,
        "0.6": 0.3952428571428572,
        "0.7": 0.39799999999999996,
        "0.8": 0.39616530612244893,
        "0.9": 0.3955265306122449,
        "1.0": 0.3942265306122449,
        "1.1": 0.3904612244897959,
        "1.2": 0.3827632653061225,
        "1.3": 0.3766816326530612,
        "1.4": 0.368,
        "1.5": 0.3625061224489796
      }
    },
    "speed_trend": {
      "label_flip_rates": {
        "0.5": 0.044,
        "0.6": 0.032,
        "0.7": 0.022,
        "0.8": 0.01,
        "0.9": 0.006,
        "1.0": 0.0,
        "1.1": 0.008,
        "1.2": 0.02,
        "1.3": 0.027,
        "1.4": 0.032,
        "1.5": 0.037
      },
      "global_rank_tau": {
        "0.5": 0.9931972789115646,
        "0.6": 0.9965986394557823,
        "0.7": 0.9948979591836735,
        "0.8": 0.9982993197278912,
        "0.9": 1.0,
        "1.0": 1.0,
        "1.1": 0.9965986394557823,
        "1.2": 0.9931972789115646,
        "1.3": 0.9914965986394558,
        "1.4": 0.9914965986394558,
        "1.5": 0.9931972789115646
      },
      "per_factor_mean_bacc": {
        "0.5": 0.4835306122448979,
        "0.6": 0.480330612244898,
        "0.7": 0.47730408163265303,
        "0.8": 0.4741897959183673,
        "0.9": 0.4729836734693877,
        "1.0": 0.47182448979591834,
        "1.1": 0.4695224489795919,
        "1.2": 0.4668285714285714,
        "1.3": 0.46545510204081636,
        "1.4": 0.46422040816326526,
        "1.5": 0.4631265306122449
      }
    },
    "mean_speed_low": {
      "label_flip_rates": {
        "0.5": 0.034,
        "0.6": 0.017,
        "0.7": 0.01,
        "0.8": 0.009,
        "0.9": 0.007,
        "1.0": 0.0,
        "1.1": 0.026,
        "1.2": 0.052,
        "1.3": 0.085,
        "1.4": 0.11,
        "1.5": 0.122
      },
      "global_rank_tau": {
        "0.5": 0.9965986394557823,
        "0.6": 1.0,
        "0.7": 1.0,
        "0.8": 1.0,
        "0.9": 1.0,
        "1.0": 1.0,
        "1.1": 0.9982993197278912,
        "1.2": 0.9965986394557823,
        "1.3": 0.9948979591836735,
        "1.4": 0.9931972789115646,
        "1.5": 0.9931972789115646
      },
      "per_factor_mean_bacc": {
        "0.5": 0.5882632653061225,
        "0.6": 0.5929836734693877,
        "0.7": 0.5940163265306122,
        "0.8": 0.5944448979591836,
        "0.9": 0.5949061224489796,
        "1.0": 0.5964530612244898,
        "1.1": 0.5963122448979592,
        "1.2": 0.5918142857142857,
        "1.3": 0.5843020408163265,
        "1.4": 0.578669387755102,
        "1.5": 0.5762938775510204
      }
    },
    "significant_heading_change": {
      "label_flip_rates": {
        "0.5": 0.091,
        "0.6": 0.071,
        "0.7": 0.052,
        "0.8": 0.032,
        "0.9": 0.018,
        "1.0": 0.0,
        "1.1": 0.033,
        "1.2": 0.068,
        "1.3": 0.1,
        "1.4": 0.13,
        "1.5": 0.152
      },
      "global_rank_tau": {
        "0.5": 0.9914965986394558,
        "0.6": 0.9914965986394558,
        "0.7": 0.9948979591836735,
        "0.8": 0.9982993197278912,
        "0.9": 0.9982993197278912,
        "1.0": 1.0,
        "1.1": 0.9965986394557823,
        "1.2": 0.9948979591836735,
        "1.3": 0.9914965986394558,
        "1.4": 0.9914965986394558,
        "1.5": 0.9863945578231292
      },
      "per_factor_mean_bacc": {
        "0.5": 0.6746448979591837,